{"init_params": {"cat_dims": [], "cat_emb_dim": [], "cat_idxs": [], "clip_value": 1, "device_name": "cuda", "epsilon": 1e-15, "gamma": 1.2, "grouped_features": [], "input_dim": 37, "lambda_sparse": 0.001, "mask_type": "sparsemax", "momentum": 0.02, "n_a": 56, "n_d": 24, "n_indep_decoder": 1, "n_independent": 2, "n_shared": 2, "n_shared_decoder": 1, "n_steps": 3, "optimizer_params": {"lr": 0.000400988413449954, "weight_decay": 0.0013603924614597604}, "output_dim": 2, "scheduler_params": {"step_size": 10, "gamma": 0.9}, "seed": 0, "verbose": 1}, "class_attrs": {"preds_mapper": {"0": 0, "1": 1}}}