{"init_params": {"cat_dims": [], "cat_emb_dim": [], "cat_idxs": [], "clip_value": 1, "device_name": "cuda", "epsilon": 1e-15, "gamma": 1.0, "grouped_features": [], "input_dim": 34, "lambda_sparse": 0.001, "mask_type": "sparsemax", "momentum": 0.02, "n_a": 48, "n_d": 64, "n_indep_decoder": 1, "n_independent": 2, "n_shared": 2, "n_shared_decoder": 1, "n_steps": 3, "optimizer_params": {"lr": 0.0004901416929655027, "weight_decay": 0.00621506128083434}, "output_dim": 2, "scheduler_params": {"step_size": 10, "gamma": 1.0}, "seed": 0, "verbose": 1}, "class_attrs": {"preds_mapper": {"0": 0, "1": 1}}}